{"accuracy": [0.021250000223517418, 0.06312499940395355, 0.09937500208616257, 0.17125000059604645, 0.25874999165534973, 0.3318749964237213, 0.41187500953674316, 0.45625001192092896, 0.5087500214576721, 0.5724999904632568, 0.6081249713897705, 0.6656249761581421, 0.6643750071525574, 0.7166144251823425, 0.7400000095367432, 0.7599999904632568, 0.7524999976158142, 0.7862499952316284, 0.8187500238418579, 0.8131250143051147, 0.8362500071525574, 0.8149999976158142, 0.84375, 0.8450000286102295, 0.8606250286102295, 0.8668749928474426, 0.8637499809265137, 0.8831250071525574, 0.8812500238418579, 0.8762500286102295, 0.8837500214576721, 0.9024999737739563, 0.8899999856948853, 0.8981249928474426, 0.8974999785423279, 0.9125000238418579, 0.9049999713897705, 0.9068750143051147, 0.918749988079071, 0.9175000190734863, 0.9131249785423279, 0.918749988079071, 0.9100000262260437, 0.9200000166893005, 0.9375, 0.9200000166893005, 0.9137499928474426, 0.921875, 0.9281250238418579, 0.9243749976158142, 0.921875, 0.9424999952316284, 0.9375, 0.9300000071525574, 0.9431250095367432, 0.9350000023841858, 0.9437500238418579, 0.9331250190734863, 0.9399999976158142, 0.9325000047683716, 0.9456250071525574, 0.9418749809265137, 0.9431250095367432, 0.9431250095367432, 0.9493749737739563, 0.9449999928474426, 0.9493749737739563, 0.9512500166893005, 0.9537500143051147, 0.9381250143051147, 0.9549999833106995, 0.9518749713897705, 0.9487500190734863, 0.9587500095367432, 0.9416927695274353, 0.9518749713897705, 0.9468749761581421, 0.9537500143051147, 0.9468749761581421, 0.9624999761581421, 0.9468749761581421, 0.9606249928474426, 0.9437500238418579, 0.953125, 0.9468749761581421, 0.9568750262260437, 0.9468749761581421, 0.9624999761581421, 0.9518749713897705, 0.8854166865348816, 0.9549999833106995, 0.9643750190734863, 0.9568750262260437, 0.9568750262260437, 0.9700000286102295, 0.9618750214576721, 0.9668750166893005, 0.9668750166893005, 0.9618750214576721, 0.9568750262260437], "loss": [4.802628517150879, 4.223173141479492, 3.7068731784820557, 3.1960349082946777, 2.8010218143463135, 2.3541038036346436, 2.035064935684204, 1.8441340923309326, 1.629257321357727, 1.4050213098526, 1.2800064086914062, 1.0914424657821655, 1.0212467908859253, 0.9257779121398926, 0.8251030445098877, 0.7598351836204529, 0.7539929747581482, 0.6954874396324158, 0.5760986804962158, 0.5782142877578735, 0.5427351593971252, 0.5294684767723083, 0.47471320629119873, 0.4691517651081085, 0.46097758412361145, 0.4356898069381714, 0.42754441499710083, 0.3710800111293793, 0.3770836293697357, 0.3846326768398285, 0.3571152091026306, 0.3200221657752991, 0.3523905277252197, 0.3318882882595062, 0.2996673583984375, 0.2800571918487549, 0.2930965721607208, 0.3029235303401947, 0.25560447573661804, 0.2686537504196167, 0.2647595703601837, 0.253823459148407, 0.27149105072021484, 0.2680177390575409, 0.24922002851963043, 0.2516728341579437, 0.26767122745513916, 0.24010449647903442, 0.20489419996738434, 0.2528953552246094, 0.24165208637714386, 0.17842376232147217, 0.18489833176136017, 0.2263086885213852, 0.1495325118303299, 0.20876388251781464, 0.17309345304965973, 0.22733710706233978, 0.18456722795963287, 0.215126633644104, 0.18517380952835083, 0.18066398799419403, 0.20495951175689697, 0.1800803244113922, 0.16648638248443604, 0.1812325268983841, 0.16305744647979736, 0.13409729301929474, 0.15784217417240143, 0.20955850183963776, 0.13402539491653442, 0.16042466461658478, 0.18419428169727325, 0.13535131514072418, 0.19059737026691437, 0.1545097380876541, 0.17002399265766144, 0.14356191456317902, 0.17820298671722412, 0.12050747126340866, 0.1539570391178131, 0.12178307771682739, 0.2014417052268982, 0.14448469877243042, 0.1502176821231842, 0.13537675142288208, 0.1884690672159195, 0.11249507963657379, 0.149201899766922, 0.3732304871082306, 0.14791899919509888, 0.11130606383085251, 0.1400623917579651, 0.15730498731136322, 0.09781034290790558, 0.15170228481292725, 0.11900808662176132, 0.1201300397515297, 0.14749059081077576, 0.16018784046173096], "val_accuracy": [0.023749999701976776, 0.11999999731779099, 0.13500000536441803, 0.26875001192092896, 0.3187499940395355, 0.4362500011920929, 0.4987500011920929, 0.5687500238418579, 0.6025000214576721, 0.6650000214576721, 0.6912500262260437, 0.7425000071525574, 0.6862499713897705, 0.768750011920929, 0.7587500214576721, 0.8100000023841858, 0.8012499809265137, 0.7412499785423279, 0.8137500286102295, 0.8037499785423279, 0.8575000166893005, 0.8374999761581421, 0.8299999833106995, 0.875, 0.887499988079071, 0.8974999785423279, 0.893750011920929, 0.8912500143051147, 0.893750011920929, 0.9024999737739563, 0.887499988079071, 0.8087499737739563, 0.9024999737739563, 0.8362500071525574, 0.8462499976158142, 0.8849999904632568, 0.8949999809265137, 0.9225000143051147, 0.9200000166893005, 0.9275000095367432, 0.918749988079071, 0.8675000071525574, 0.90625, 0.9100000262260437, 0.9175000190734863, 0.8387500047683716, 0.9337499737739563, 0.8949999809265137, 0.9237499833106995, 0.925000011920929, 0.9387500286102295, 0.9350000023841858, 0.8737499713897705, 0.9262499809265137, 0.9212499856948853, 0.9462500214576721, 0.90625, 0.8799999952316284, 0.8162500262260437, 0.9412500262260437, 0.9424999952316284, 0.9087499976158142, 0.9087499976158142, 0.9137499928474426, 0.9512500166893005, 0.9437500238418579, 0.9325000047683716, 0.918749988079071, 0.9175000190734863, 0.9437500238418579, 0.9700000286102295, 0.9437500238418579, 0.9725000262260437, 0.9399999976158142, 0.9424999952316284, 0.9112499952316284, 0.9375, 0.9137499928474426, 0.9637500047683716, 0.925000011920929, 0.9474999904632568, 0.9287499785423279, 0.9537500143051147, 0.9337499737739563, 0.9449999928474426, 0.9362499713897705, 0.9537500143051147, 0.9524999856948853, 0.8737499713897705, 0.9100000262260437, 0.9325000047683716, 0.9549999833106995, 0.9437500238418579, 0.9662500023841858, 0.9574999809265137, 0.9474999904632568, 0.956250011920929, 0.9512500166893005, 0.9487500190734863, 0.9537500143051147],