{"accuracy": [0.01875000074505806, 0.07750000059604645, 0.14499999582767487, 0.2318750023841858], "loss": [4.842353343963623, 4.179042816162109, 3.463911771774292, 2.9185678958892822], "val_accuracy": [0.021250000223517418, 0.11625000089406967, 0.28999999165534973, 0.36375001072883606], "val_loss": [4.490597724914551, 3.8039391040802, 2.7530887126922607, 2.4451918601989746]}